numCharts,id,track,artist_id,artist,album_id,album,release_date,link,danceability,energy,key,loudness,mode,speechiness,acousticness,instrumentalness,liveness,valence,tempo,type,uri,track_href,analysis_url,duration_ms,time_signature,genre,image,song_url,artist_url
1,26cvTWJq2E1QqN4jyH2OTU,Tak Segampang Itu,1JvbNeV9zG9Sew1JyaWsyx,Anggi Marito,6gO5mDyNTqiIqHItRil4OG,Tak Segampang Itu,2022-12-02,https://api.spotify.com/v1/tracks/26cvTWJq2E1QqN4jyH2OTU,0.506,0.438,5,-7.069,1,0.0268,0.759,8.64e-6,0.109,0.178,129.538,audio_features,spotify:track:26cvTWJq2E1QqN4jyH2OTU,https://api.spotify.com/v1/tracks/26cvTWJq2E1QqN4jyH2OTU,https://api.spotify.com/v1/audio-analysis/26cvTWJq2E1QqN4jyH2OTU,231100,4,pop,https://i.scdn.co/image/ab6761610000e5eb604493f4d58b7d152a2d5f79,https://open.spotify.com/track/26cvTWJq2E1QqN4jyH2OTU,https://open.spotify.com/artist/1JvbNeV9zG9Sew1JyaWsyx
2,2AaaE0qvFWtyT8srKNfRhH,Komang,5LcNPa8f8bRmZqELgoRFkN,Raim Laode,2N8JUijzZsT2IJnplY4vAE,Komang,2022-08-17,https://api.spotify.com/v1/tracks/2AaaE0qvFWtyT8srKNfRhH,0.696,0.412,7,-8.547,1,0.027,0.415,6.16e-5,0.1,0.349,133.913,audio_features,spotify:track:2AaaE0qvFWtyT8srKNfRhH,https://api.spotify.com/v1/tracks/2AaaE0qvFWtyT8srKNfRhH,https://api.spotify.com/v1/audio-analysis/2AaaE0qvFWtyT8srKNfRhH,222707,4,other,https://i.scdn.co/image/ab6761610000e5eb8f5fe38a2d25be089bf281e4,https://open.spotify.com/track/2AaaE0qvFWtyT8srKNfRhH,https://open.spotify.com/artist/5LcNPa8f8bRmZqELgoRFkN
3,6dXiWwFrcGieqnoLYzPNp5,Sial,3wOsYKZM0zcKNasi3I7fP4,Mahalini,6iBh7T1cUR8MPrtly5xugU,fábula,2023-01-23,https://api.spotify.com/v1/tracks/6dXiWwFrcGieqnoLYzPNp5,0.563,0.431,2,-6.784,1,0.039,0.89,2.9e-6,0.123,0.196,120.014,audio_features,spotify:track:6dXiWwFrcGieqnoLYzPNp5,https://api.spotify.com/v1/tracks/6dXiWwFrcGieqnoLYzPNp5,https://api.spotify.com/v1/audio-analysis/6dXiWwFrcGieqnoLYzPNp5,243725,4,pop,https://i.scdn.co/image/ab6761610000e5ebb8333468abeb2e461d1ab5ea,https://open.spotify.com/track/6dXiWwFrcGieqnoLYzPNp5,https://open.spotify.com/artist/3wOsYKZM0zcKNasi3I7fP4
4,1daDRI9ahBonbWD8YcxOIB,Angels Like You,5YGY8feqx7naU7z4HrwZM6,Miley Cyrus,5BRhg6NSEZOj0BR6Iz56fR,Plastic Hearts,2020-11-27,https://api.spotify.com/v1/tracks/1daDRI9ahBonbWD8YcxOIB,0.672,0.642,5,-4.035,1,0.0313,0.0981,0,0.1,0.494,121.981,audio_features,spotify:track:1daDRI9ahBonbWD8YcxOIB,https://api.spotify.com/v1/tracks/1daDRI9ahBonbWD8YcxOIB,https://api.spotify.com/v1/audio-analysis/1daDRI9ahBonbWD8YcxOIB,196453,4,pop,https://i.scdn.co/image/ab6761610000e5eb7e8110a92ec2252f0821f8b8,https://open.spotify.com/track/1daDRI9ahBonbWD8YcxOIB,https://open.spotify.com/artist/5YGY8feqx7naU7z4HrwZM6
5,5BKJAuVMDyrFvUTo4dIaiK,Not You,7vk5e3vY1uw9plTHJAMwjN,Alan Walker,3KrkQ77DF9OUB0aOzKFYOF,World Of Walker,2021-11-26,https://api.spotify.com/v1/tracks/5BKJAuVMDyrFvUTo4dIaiK,0.573,0.264,5,-8.955,1,0.0365,0.827,1.71e-5,0.103,0.379,129.791,audio_features,spotify:track:5BKJAuVMDyrFvUTo4dIaiK,https://api.spotify.com/v1/tracks/5BKJAuVMDyrFvUTo4dIaiK,https://api.spotify.com/v1/audio-analysis/5BKJAuVMDyrFvUTo4dIaiK,153719,4,other,https://i.scdn.co/image/ab6761610000e5ebbf753c009fd9c2d53351dd3c,https://open.spotify.com/track/5BKJAuVMDyrFvUTo4dIaiK,https://open.spotify.com/artist/7vk5e3vY1uw9plTHJAMwjN
6,7FbrGaHYVDmfr7KoLIZnQ7,Cupid - Twin Ver.,4GJ6xDCF5jaUqD6avOuQT6,FIFTY FIFTY,5letLUZIFsQikJYShfGNs4,The Beginning: Cupid,2023-02-24,https://api.spotify.com/v1/tracks/7FbrGaHYVDmfr7KoLIZnQ7,0.783,0.592,11,-8.332,0,0.0331,0.435,4.15e-6,0.347,0.726,120.018,audio_features,spotify:track:7FbrGaHYVDmfr7KoLIZnQ7,https://api.spotify.com/v1/tracks/7FbrGaHYVDmfr7KoLIZnQ7,https://api.spotify.com/v1/audio-analysis/7FbrGaHYVDmfr7KoLIZnQ7,174253,4,pop,https://i.scdn.co/image/ab6761610000e5eb1193a00caa638c135ffc60ec,https://open.spotify.com/track/7FbrGaHYVDmfr7KoLIZnQ7,https://open.spotify.com/artist/4GJ6xDCF5jaUqD6avOuQT6
7,3e1rs346dsDDwpqTRGlRZR,Somebody's Pleasure,6ygKuZFz2sRggPZRaLHVHD,Aziz Hedra,5S5vnFRSXVua5SbdoY9S8y,Somebody's Pleasure,2023-01-27,https://api.spotify.com/v1/tracks/3e1rs346dsDDwpqTRGlRZR,0.633,0.491,10,-6.847,1,0.0336,0.842,3.84e-6,0.172,0.234,116.974,audio_features,spotify:track:3e1rs346dsDDwpqTRGlRZR,https://api.spotify.com/v1/tracks/3e1rs346dsDDwpqTRGlRZR,https://api.spotify.com/v1/audio-analysis/3e1rs346dsDDwpqTRGlRZR,223957,4,other,https://i.scdn.co/image/ab6761610000e5ebc7a6184fb425283cba932db9,https://open.spotify.com/track/3e1rs346dsDDwpqTRGlRZR,https://open.spotify.com/artist/6ygKuZFz2sRggPZRaLHVHD
8,3i0h88q1HBtbdIg2bPxs54,Tertawan Hati,2A7XpBQ8X227lVi5BphdPw,Awdella,3Je4P8ARv9FvEIcOJJXIKl,Tertawan Hati,2022-07-01,https://api.spotify.com/v1/tracks/3i0h88q1HBtbdIg2bPxs54,0.319,0.432,6,-5.831,1,0.0317,0.661,0,0.108,0.244,128.244,audio_features,spotify:track:3i0h88q1HBtbdIg2bPxs54,https://api.spotify.com/v1/tracks/3i0h88q1HBtbdIg2bPxs54,https://api.spotify.com/v1/audio-analysis/3i0h88q1HBtbdIg2bPxs54,237864,4,pop,https://i.scdn.co/image/ab6761610000e5ebf860c4a0a2665c0e008bd7d9,https://open.spotify.com/track/3i0h88q1HBtbdIg2bPxs54,https://open.spotify.com/artist/2A7XpBQ8X227lVi5BphdPw
9,7nQoDLkzCcoIpKPQt3eCdN,Kau Rumahku,11k3Y6uyixbyGfgPl8qZTZ,raissa anggiani,7vPQboGZn7eLlwwyOeCTQO,Kau Rumahku,2022-01-10,https://api.spotify.com/v1/tracks/7nQoDLkzCcoIpKPQt3eCdN,0.35,0.323,1,-8.982,1,0.0369,0.873,1.48e-6,0.103,0.278,169.513,audio_features,spotify:track:7nQoDLkzCcoIpKPQt3eCdN,https://api.spotify.com/v1/tracks/7nQoDLkzCcoIpKPQt3eCdN,https://api.spotify.com/v1/audio-analysis/7nQoDLkzCcoIpKPQt3eCdN,275250,3,pop,https://i.scdn.co/image/ab6761610000e5eb3caa88907c6be25fb118e510,https://open.spotify.com/track/7nQoDLkzCcoIpKPQt3eCdN,https://open.spotify.com/artist/11k3Y6uyixbyGfgPl8qZTZ
10,3nHxZEe1dT7zs73DG6pNll,Usai,0kPb52ySN2k9P6wEZPTUzm,Tiara Andini,1lN55vIsNORo3W6QlWbGR8,Usai,2022-11-25,https://api.spotify.com/v1/tracks/3nHxZEe1dT7zs73DG6pNll,0.461,0.36,7,-8.99,1,0.0269,0.863,2.51e-5,0.0914,0.131,109.236,audio_features,spotify:track:3nHxZEe1dT7zs73DG6pNll,https://api.spotify.com/v1/tracks/3nHxZEe1dT7zs73DG6pNll,https://api.spotify.com/v1/audio-analysis/3nHxZEe1dT7zs73DG6pNll,217200,4,pop,https://i.scdn.co/image/ab6761610000e5eb28747c69a86181ed0f08fd69,https://open.spotify.com/track/3nHxZEe1dT7zs73DG6pNll,https://open.spotify.com/artist/0kPb52ySN2k9P6wEZPTUzm
11,50x1Ic8CaXkYNvjmxe3WXy,Those Eyes,69bG9tC62d8oTFC9aTTosn,New West,7rItmPh0tZpMKcFXBScaU8,Those Eyes,2019-05-10,https://api.spotify.com/v1/tracks/50x1Ic8CaXkYNvjmxe3WXy,0.593,0.352,4,-8.296,1,0.0284,0.695,2.22e-5,0.3,0.226,119.988,audio_features,spotify:track:50x1Ic8CaXkYNvjmxe3WXy,https://api.spotify.com/v1/tracks/50x1Ic8CaXkYNvjmxe3WXy,https://api.spotify.com/v1/audio-analysis/50x1Ic8CaXkYNvjmxe3WXy,220750,3,indie,https://i.scdn.co/image/ab6761610000e5ebfbf70d3071dbb808406e4031,https://open.spotify.com/track/50x1Ic8CaXkYNvjmxe3WXy,https://open.spotify.com/artist/69bG9tC62d8oTFC9aTTosn
12,3AJwUDP919kvQ9QcozQPxg,Yellow,4gzpq5DPGxSnKTe4SA8HAU,Coldplay,6ZG5lRT77aJ3btmArcykra,Parachutes,2000-07-10,https://api.spotify.com/v1/tracks/3AJwUDP919kvQ9QcozQPxg,0.429,0.661,11,-7.227,1,0.0281,0.00239,1.21e-4,0.234,0.285,173.372,audio_features,spotify:track:3AJwUDP919kvQ9QcozQPxg,https://api.spotify.com/v1/tracks/3AJwUDP919kvQ9QcozQPxg,https://api.spotify.com/v1/audio-analysis/3AJwUDP919kvQ9QcozQPxg,266773,4,pop,https://i.scdn.co/image/ab6761610000e5eb989ed05e1f0570cc4726c2d3,https://open.spotify.com/track/3AJwUDP919kvQ9QcozQPxg,https://open.spotify.com/artist/4gzpq5DPGxSnKTe4SA8HAU
13,78Sw5GDo6AlGwTwanjXbGh,Here With Me,5y8tKLUfMvliMe8IKamR32,d4vd,0OuoHWf8yB0TPzoBWw1R1S,Here With Me,2022-09-22,https://api.spotify.com/v1/tracks/78Sw5GDo6AlGwTwanjXbGh,0.574,0.469,4,-8.209,1,0.0254,0.534,9.21e-5,0.128,0.288,132.023,audio_features,spotify:track:78Sw5GDo6AlGwTwanjXbGh,https://api.spotify.com/v1/tracks/78Sw5GDo6AlGwTwanjXbGh,https://api.spotify.com/v1/audio-analysis/78Sw5GDo6AlGwTwanjXbGh,242485,4,pop,https://i.scdn.co/image/ab6761610000e5ebad447187a35f422307e88ad3,https://open.spotify.com/track/78Sw5GDo6AlGwTwanjXbGh,https://open.spotify.com/artist/5y8tKLUfMvliMe8IKamR32
14,6Hii26x3qDErVitnGW8QtO,Runtuh,66NmU5epI0ONGmdCRbLpmW,Feby Putri,5boeKAXsTkdFlm6OnkQxQW,Runtuh,2021-10-01,https://api.spotify.com/v1/tracks/6Hii26x3qDErVitnGW8QtO,0.593,0.287,3,-13.164,1,0.0289,0.876,1.36e-4,0.119,0.191,127.783,audio_features,spotify:track:6Hii26x3qDErVitnGW8QtO,https://api.spotify.com/v1/tracks/6Hii26x3qDErVitnGW8QtO,https://api.spotify.com/v1/audio-analysis/6Hii26x3qDErVitnGW8QtO,223974,4,pop,https://i.scdn.co/image/ab6761610000e5ebab57b1cb1016bbd9cb26e4bf,https://open.spotify.com/track/6Hii26x3qDErVitnGW8QtO,https://open.spotify.com/artist/66NmU5epI0ONGmdCRbLpmW
15,3N2WeXxSjngB1DSi8vrI8C,Muak,7G0kstl7VjhDSgFYOBaUS1,Aruma,4Zt66ubcxeKkfB3MvTYvCq,Muak,2022-09-30,https://api.spotify.com/v1/tracks/3N2WeXxSjngB1DSi8vrI8C,0.265,0.32,2,-10.791,1,0.0316,0.774,1.46e-4,0.312,0.185,82.973,audio_features,spotify:track:3N2WeXxSjngB1DSi8vrI8C,https://api.spotify.com/v1/tracks/3N2WeXxSjngB1DSi8vrI8C,https://api.spotify.com/v1/audio-analysis/3N2WeXxSjngB1DSi8vrI8C,264940,4,other,https://i.scdn.co/image/ab6761610000e5ebaae124103dc588da02f4164b,https://open.spotify.com/track/3N2WeXxSjngB1DSi8vrI8C,https://open.spotify.com/artist/7G0kstl7VjhDSgFYOBaUS1
16,0otRX6Z89qKkHkQ9OqJpKt,Car's Outside,4IWBUUAFIplrNtaOHcJPRM,James Arthur,0cm9LOQUBK3JUgyoRj238z,YOU,2019-10-18,https://api.spotify.com/v1/tracks/0otRX6Z89qKkHkQ9OqJpKt,0.338,0.562,9,-7.181,1,0.029,0.039,0,0.107,0.259,149.907,audio_features,spotify:track:0otRX6Z89qKkHkQ9OqJpKt,https://api.spotify.com/v1/tracks/0otRX6Z89qKkHkQ9OqJpKt,https://api.spotify.com/v1/audio-analysis/0otRX6Z89qKkHkQ9OqJpKt,248373,4,pop,https://i.scdn.co/image/ab6761610000e5eb63a65de1f3d0224a2a901343,https://open.spotify.com/track/0otRX6Z89qKkHkQ9OqJpKt,https://open.spotify.com/artist/4IWBUUAFIplrNtaOHcJPRM
17,1mruWrUwAVe2XkksUQiaHK,Selamat (Selamat Tinggal),4bAgr9zaF0bpzVGHdHuf0f,Virgoun,6osB48b3PzrABxdspbyYkd,Selamat (Selamat Tinggal),2019-06-17,https://api.spotify.com/v1/tracks/1mruWrUwAVe2XkksUQiaHK,0.361,0.581,0,-8.502,1,0.0302,0.523,5.42e-6,0.118,0.372,79.59,audio_features,spotify:track:1mruWrUwAVe2XkksUQiaHK,https://api.spotify.com/v1/tracks/1mruWrUwAVe2XkksUQiaHK,https://api.spotify.com/v1/audio-analysis/1mruWrUwAVe2XkksUQiaHK,313671,4,pop,https://i.scdn.co/image/ab6761610000e5eba99ec2b3bd22a84739aac218,https://open.spotify.com/track/1mruWrUwAVe2XkksUQiaHK,https://open.spotify.com/artist/4bAgr9zaF0bpzVGHdHuf0f
18,5MIpcd16T59wFeqAChSYwC,Duka,1v1khTmozNfxB2ET1Ep288,Last Child,6RUEyCnpcBsm3uSv08NY8q,Duka,2016-09-25,https://api.spotify.com/v1/tracks/5MIpcd16T59wFeqAChSYwC,0.566,0.885,0,-4.664,1,0.0355,0.122,3.75e-6,0.049,0.31,135.015,audio_features,spotify:track:5MIpcd16T59wFeqAChSYwC,https://api.spotify.com/v1/tracks/5MIpcd16T59wFeqAChSYwC,https://api.spotify.com/v1/audio-analysis/5MIpcd16T59wFeqAChSYwC,325147,4,pop,https://i.scdn.co/image/ab6761610000e5eb4ffc34bf9985731438cc1b99,https://open.spotify.com/track/5MIpcd16T59wFeqAChSYwC,https://open.spotify.com/artist/1v1khTmozNfxB2ET1Ep288
19,0PtJbtW50jcvvswNPn3QGd,Serana,0f6TyESD8E1mD2oLJ4TGv1,For Revenge,6E4sl58YgjMqfUBNGOfAUa,Perayaan Patah Hati - Babak 1,2022-09-06,https://api.spotify.com/v1/tracks/0PtJbtW50jcvvswNPn3QGd,0.429,0.709,2,-5.54,1,0.0297,0.0264,0.0137,0.135,0.26,130.046,audio_features,spotify:track:0PtJbtW50jcvvswNPn3QGd,https://api.spotify.com/v1/tracks/0PtJbtW50jcvvswNPn3QGd,https://api.spotify.com/v1/audio-analysis/0PtJbtW50jcvvswNPn3QGd,251077,4,indie,https://i.scdn.co/image/ab6761610000e5eb90bea89a7bd6082348d8b67e,https://open.spotify.com/track/0PtJbtW50jcvvswNPn3QGd,https://open.spotify.com/artist/0f6TyESD8E1mD2oLJ4TGv1
20,2LlOeW5rVcvl3QcPNPcDus,Always,20wkVLutqVOYrc0kxFs7rA,Daniel Caesar,7ivbFszr1TbVadj89BIy1y,NEVER ENOUGH,2023-04-07,https://api.spotify.com/v1/tracks/2LlOeW5rVcvl3QcPNPcDus,0.603,0.441,9,-8.178,1,0.0518,0.692,1.46e-6,0.105,0.167,136.137,audio_features,spotify:track:2LlOeW5rVcvl3QcPNPcDus,https://api.spotify.com/v1/tracks/2LlOeW5rVcvl3QcPNPcDus,https://api.spotify.com/v1/audio-analysis/2LlOeW5rVcvl3QcPNPcDus,225313,4,r&b,https://i.scdn.co/image/ab6761610000e5ebf99727ed9dbe47a59126e17e,https://open.spotify.com/track/2LlOeW5rVcvl3QcPNPcDus,https://open.spotify.com/artist/20wkVLutqVOYrc0kxFs7rA
21,1Qrg8KqiBpW07V7PNxwwwL,Kill Bill,7tYKF4w9nC0nq9CsPZTHyP,SZA,1nrVofqDRs7cpWXJ49qTnP,SOS,2022-12-08,https://api.spotify.com/v1/tracks/1Qrg8KqiBpW07V7PNxwwwL,0.644,0.735,8,-5.747,1,0.0391,0.0521,0.144,0.161,0.418,88.98,audio_features,spotify:track:1Qrg8KqiBpW07V7PNxwwwL,https://api.spotify.com/v1/tracks/1Qrg8KqiBpW07V7PNxwwwL,https://api.spotify.com/v1/audio-analysis/1Qrg8KqiBpW07V7PNxwwwL,153947,4,pop,https://i.scdn.co/image/ab6761610000e5eb7eb7f6371aad8e67e01f0a03,https://open.spotify.com/track/1Qrg8KqiBpW07V7PNxwwwL,https://open.spotify.com/artist/7tYKF4w9nC0nq9CsPZTHyP
22,1dQQ2QlnvXUehsRUrukKmf,Right Now,4AK6F7OLvEQ5QYCBNiQWHq,One Direction,7p1fX8aUySrBdx4WSYspOu,Midnight Memories (Deluxe),2013-11-25,https://api.spotify.com/v1/tracks/1dQQ2QlnvXUehsRUrukKmf,0.645,0.78,8,-5.165,1,0.0319,0.218,0,0.0919,0.372,120.008,audio_features,spotify:track:1dQQ2QlnvXUehsRUrukKmf,https://api.spotify.com/v1/tracks/1dQQ2QlnvXUehsRUrukKmf,https://api.spotify.com/v1/audio-analysis/1dQQ2QlnvXUehsRUrukKmf,200400,4,pop,https://i.scdn.co/image/5bb443424a1ad71603c43d67f5af1a04da6bb3c8,https://open.spotify.com/track/1dQQ2QlnvXUehsRUrukKmf,https://open.spotify.com/artist/4AK6F7OLvEQ5QYCBNiQWHq
23,6Iq3sgLVrqqZfRitLaeHkn,Sisa Rasa,3wOsYKZM0zcKNasi3I7fP4,Mahalini,6iBh7T1cUR8MPrtly5xugU,fábula,2023-01-23,https://api.spotify.com/v1/tracks/6Iq3sgLVrqqZfRitLaeHkn,0.488,0.405,8,-6.324,0,0.0302,0.503,6.86e-6,0.108,0.152,122.049,audio_features,spotify:track:6Iq3sgLVrqqZfRitLaeHkn,https://api.spotify.com/v1/tracks/6Iq3sgLVrqqZfRitLaeHkn,https://api.spotify.com/v1/audio-analysis/6Iq3sgLVrqqZfRitLaeHkn,254863,4,pop,https://i.scdn.co/image/ab6761610000e5ebb8333468abeb2e461d1ab5ea,https://open.spotify.com/track/6Iq3sgLVrqqZfRitLaeHkn,https://open.spotify.com/artist/3wOsYKZM0zcKNasi3I7fP4
24,29lBFGkfr7EoJlb3lxi9Ij,Menyesal,7Ln5yumFjHCkeZ8bAzHUcp,Yovie Widianto,13zfefPjKHsxUJm9SZFDtE,Menyesal,2023-03-03,https://api.spotify.com/v1/tracks/29lBFGkfr7EoJlb3lxi9Ij,0.355,0.222,3,-11.572,0,0.0335,0.92,4.24e-6,0.105,0.214,106.019,audio_features,spotify:track:29lBFGkfr7EoJlb3lxi9Ij,https://api.spotify.com/v1/tracks/29lBFGkfr7EoJlb3lxi9Ij,https://api.spotify.com/v1/audio-analysis/29lBFGkfr7EoJlb3lxi9Ij,203455,4,pop,https://i.scdn.co/image/ab6761610000e5eb5146b8acb026405ca1bd3060,https://open.spotify.com/track/29lBFGkfr7EoJlb3lxi9Ij,https://open.spotify.com/artist/7Ln5yumFjHCkeZ8bAzHUcp
25,53fKDMfQhWMSw7QKVDOTBP,Cintanya Aku,0kPb52ySN2k9P6wEZPTUzm,Tiara Andini,2qEHRe3bIRZ1DLyYMmnBK4,Cintanya Aku,2021-01-22,https://api.spotify.com/v1/tracks/53fKDMfQhWMSw7QKVDOTBP,0.516,0.338,0,-8.81,0,0.0294,0.722,1.22e-5,0.105,0.328,118.422,audio_features,spotify:track:53fKDMfQhWMSw7QKVDOTBP,https://api.spotify.com/v1/tracks/53fKDMfQhWMSw7QKVDOTBP,https://api.spotify.com/v1/audio-analysis/53fKDMfQhWMSw7QKVDOTBP,234125,4,pop,https://i.scdn.co/image/ab6761610000e5eb28747c69a86181ed0f08fd69,https://open.spotify.com/track/53fKDMfQhWMSw7QKVDOTBP,https://open.spotify.com/artist/0kPb52ySN2k9P6wEZPTUzm
26,1USA6DXJ1qsucoKnDu4vnu,Tak Kan Hilang,6Ifk2cbxyVzT41jLexYCas,Budi Doremi,6JmBf13wUd3kJEdoXgbZy5,Tak Kan Hilang,2022-02-25,https://api.spotify.com/v1/tracks/1USA6DXJ1qsucoKnDu4vnu,0.527,0.258,4,-9.499,1,0.0319,0.821,1.72e-4,0.148,0.347,139.928,audio_features,spotify:track:1USA6DXJ1qsucoKnDu4vnu,https://api.spotify.com/v1/tracks/1USA6DXJ1qsucoKnDu4vnu,https://api.spotify.com/v1/audio-analysis/1USA6DXJ1qsucoKnDu4vnu,241714,4,pop,https://i.scdn.co/image/ab6761610000e5ebc6abbb6d49403b516404f450,https://open.spotify.com/track/1USA6DXJ1qsucoKnDu4vnu,https://open.spotify.com/artist/6Ifk2cbxyVzT41jLexYCas
27,22k5lgD5F7Pc7BodEMzDrY,Saat Kau Telah Mengerti,4bAgr9zaF0bpzVGHdHuf0f,Virgoun,2KhCqrXaLVeUNuB8FifMJj,Saat Kau Telah Mengerti,2023-01-13,https://api.spotify.com/v1/tracks/22k5lgD5F7Pc7BodEMzDrY,0.378,0.306,8,-10.445,1,0.0376,0.802,0,0.0802,0.25,73.061,audio_features,spotify:track:22k5lgD5F7Pc7BodEMzDrY,https://api.spotify.com/v1/tracks/22k5lgD5F7Pc7BodEMzDrY,https://api.spotify.com/v1/audio-analysis/22k5lgD5F7Pc7BodEMzDrY,290752,4,pop,https://i.scdn.co/image/ab6761610000e5eba99ec2b3bd22a84739aac218,https://open.spotify.com/track/22k5lgD5F7Pc7BodEMzDrY,https://open.spotify.com/artist/4bAgr9zaF0bpzVGHdHuf0f
28,2bdVgAQgosGUJoViVDNeOV,LIMBO,3pc0bOVB5whxmD50W79wwO,keshi,1WVIJaAboRSwJOe4u0n0Q7,GABRIEL,2022-03-25,https://api.spotify.com/v1/tracks/2bdVgAQgosGUJoViVDNeOV,0.577,0.366,8,-11.792,1,0.0368,0.879,7.76e-5,0.137,0.0841,129.923,audio_features,spotify:track:2bdVgAQgosGUJoViVDNeOV,https://api.spotify.com/v1/tracks/2bdVgAQgosGUJoViVDNeOV,https://api.spotify.com/v1/audio-analysis/2bdVgAQgosGUJoViVDNeOV,212785,4,r&b,https://i.scdn.co/image/ab6761610000e5ebd969cf117d0b0d4424bebdc5,https://open.spotify.com/track/2bdVgAQgosGUJoViVDNeOV,https://open.spotify.com/artist/3pc0bOVB5whxmD50W79wwO
29,4GfK1qOF3uBWidbPlTCQRL,Monokrom,2iDVt6mFbtbDEZG5ax0dTi,Tulus,4szhn3xPmOJklFAcqNvTnQ,Monokrom,2016-08-03,https://api.spotify.com/v1/tracks/4GfK1qOF3uBWidbPlTCQRL,0.534,0.462,6,-9.383,1,0.0326,0.573,5.59e-6,0.0974,0.519,88.046,audio_features,spotify:track:4GfK1qOF3uBWidbPlTCQRL,https://api.spotify.com/v1/tracks/4GfK1qOF3uBWidbPlTCQRL,https://api.spotify.com/v1/audio-analysis/4GfK1qOF3uBWidbPlTCQRL,214567,4,pop,https://i.scdn.co/image/ab6761610000e5ebb2dac5833519e3b4e5f7efdb,https://open.spotify.com/track/4GfK1qOF3uBWidbPlTCQRL,https://open.spotify.com/artist/2iDVt6mFbtbDEZG5ax0dTi
30,6raMBnVBIvvUngMLyDdzyP,Rumah Singgah,6FTLayBxjkQeanFdUusk1I,Fabio Asher,4km2qQIoGCCevm1Qf51OcE,ASHER,2023-02-02,https://api.spotify.com/v1/tracks/6raMBnVBIvvUngMLyDdzyP,0.46,0.228,8,-10.666,1,0.0312,0.719,0,0.107,0.358,78.115,audio_features,spotify:track:6raMBnVBIvvUngMLyDdzyP,https://api.spotify.com/v1/tracks/6raMBnVBIvvUngMLyDdzyP,https://api.spotify.com/v1/audio-analysis/6raMBnVBIvvUngMLyDdzyP,246731,4,pop,https://i.scdn.co/image/ab6761610000e5ebd7384b119d6cdaee014015ae,https://open.spotify.com/track/6raMBnVBIvvUngMLyDdzyP,https://open.spotify.com/artist/6FTLayBxjkQeanFdUusk1I
31,2UgCs0i0rNHUH2jKE5NZHE,Sempurna,4ucwey7FxkHXkLK7jSfevU,Andra & The Backbone,2puZQ79KT5q5RPae7khveD,Andra & The Backbone,2006-12-28,https://api.spotify.com/v1/tracks/2UgCs0i0rNHUH2jKE5NZHE,0.358,0.32,4,-9.946,1,0.0308,0.726,0,0.105,0.384,115.499,audio_features,spotify:track:2UgCs0i0rNHUH2jKE5NZHE,https://api.spotify.com/v1/tracks/2UgCs0i0rNHUH2jKE5NZHE,https://api.spotify.com/v1/audio-analysis/2UgCs0i0rNHUH2jKE5NZHE,268423,3,rock,https://i.scdn.co/image/ab67616d0000b2738a25f55567169ee8dbc97fcc,https://open.spotify.com/track/2UgCs0i0rNHUH2jKE5NZHE,https://open.spotify.com/artist/4ucwey7FxkHXkLK7jSfevU
32,3TFdXrYIubXABQh0CxIiSs,Asmalibrasi,0YpfUFtmzwNGWjowRwoGel,Soegi Bornean,1geFjIWLQNCKO0Y7uB2Xlw,Asmalibrasi,2019-07-26,https://api.spotify.com/v1/tracks/3TFdXrYIubXABQh0CxIiSs,0.721,0.565,4,-6.208,1,0.0292,0.855,5.48e-6,0.0973,0.794,139.941,audio_features,spotify:track:3TFdXrYIubXABQh0CxIiSs,https://api.spotify.com/v1/tracks/3TFdXrYIubXABQh0CxIiSs,https://api.spotify.com/v1/audio-analysis/3TFdXrYIubXABQh0CxIiSs,254862,4,indie,https://i.scdn.co/image/ab6761610000e5eb88ccaeab7a9c0a3edfc6e3e8,https://open.spotify.com/track/3TFdXrYIubXABQh0CxIiSs,https://open.spotify.com/artist/0YpfUFtmzwNGWjowRwoGel
33,2hHeGD57S0BcopfVcmehdl,Hati-Hati di Jalan,2iDVt6mFbtbDEZG5ax0dTi,Tulus,3R4IAF9ApqYeUQrv1ddyoR,Manusia,2022-03-03,https://api.spotify.com/v1/tracks/2hHeGD57S0BcopfVcmehdl,0.643,0.436,6,-11.322,1,0.0357,0.702,0.0889,0.115,0.755,71.969,audio_features,spotify:track:2hHeGD57S0BcopfVcmehdl,https://api.spotify.com/v1/tracks/2hHeGD57S0BcopfVcmehdl,https://api.spotify.com/v1/audio-analysis/2hHeGD57S0BcopfVcmehdl,242000,4,pop,https://i.scdn.co/image/ab6761610000e5ebb2dac5833519e3b4e5f7efdb,https://open.spotify.com/track/2hHeGD57S0BcopfVcmehdl,https://open.spotify.com/artist/2iDVt6mFbtbDEZG5ax0dTi
34,5O2P9iiztwhomNh8xkR9lJ,Night Changes,4AK6F7OLvEQ5QYCBNiQWHq,One Direction,4gCNyS7pidfK3rKWhB3JOY,FOUR (Deluxe),2014-11-17,https://api.spotify.com/v1/tracks/5O2P9iiztwhomNh8xkR9lJ,0.672,0.52,8,-7.747,1,0.0353,0.859,0,0.115,0.37,120.001,audio_features,spotify:track:5O2P9iiztwhomNh8xkR9lJ,https://api.spotify.com/v1/tracks/5O2P9iiztwhomNh8xkR9lJ,https://api.spotify.com/v1/audio-analysis/5O2P9iiztwhomNh8xkR9lJ,226600,4,pop,https://i.scdn.co/image/5bb443424a1ad71603c43d67f5af1a04da6bb3c8,https://open.spotify.com/track/5O2P9iiztwhomNh8xkR9lJ,https://open.spotify.com/artist/4AK6F7OLvEQ5QYCBNiQWHq
35,630DpnzdfjdVqv2yLfPbAX,Bertaut,20zafXaLhm5IcXnSU93rNn,Nadin Amizah,75KyCmWatZRvlMcMRed9BG,Selamat Ulang Tahun,2020-05-28,https://api.spotify.com/v1/tracks/630DpnzdfjdVqv2yLfPbAX,0.47,0.131,6,-13.29,1,0.0362,0.933,0.00245,0.109,0.115,118.836,audio_features,spotify:track:630DpnzdfjdVqv2yLfPbAX,https://api.spotify.com/v1/tracks/630DpnzdfjdVqv2yLfPbAX,https://api.spotify.com/v1/audio-analysis/630DpnzdfjdVqv2yLfPbAX,315961,3,pop,https://i.scdn.co/image/ab6761610000e5eb8f0388bc10b8074a06ed619e,https://open.spotify.com/track/630DpnzdfjdVqv2yLfPbAX,https://open.spotify.com/artist/20zafXaLhm5IcXnSU93rNn
36,1ZPVEo8RfmrEz8YAD5n6rW,Lantas,3tMTXQyRrPmMyHv5SoC0TV,Juicy Luicy,17vUW6koeUkV58uYfkK6G3,Sentimental,2020-11-06,https://api.spotify.com/v1/tracks/1ZPVEo8RfmrEz8YAD5n6rW,0.588,0.311,8,-8.143,1,0.025,0.791,0,0.352,0.545,86.022,audio_features,spotify:track:1ZPVEo8RfmrEz8YAD5n6rW,https://api.spotify.com/v1/tracks/1ZPVEo8RfmrEz8YAD5n6rW,https://api.spotify.com/v1/audio-analysis/1ZPVEo8RfmrEz8YAD5n6rW,234204,4,pop,https://i.scdn.co/image/ab6761610000e5ebbcb780f4924009e8b2c1abe4,https://open.spotify.com/track/1ZPVEo8RfmrEz8YAD5n6rW,https://open.spotify.com/artist/3tMTXQyRrPmMyHv5SoC0TV
37,5XeFesFbtLpXzIVDNQP22n,I Wanna Be Yours,7Ln80lUS6He07XvHI8qqHH,Arctic Monkeys,78bpIziExqiI9qztvNFlQu,AM,2013-09-09,https://api.spotify.com/v1/tracks/5XeFesFbtLpXzIVDNQP22n,0.464,0.417,0,-9.345,0,0.0256,0.136,0.022,0.0974,0.479,67.528,audio_features,spotify:track:5XeFesFbtLpXzIVDNQP22n,https://api.spotify.com/v1/tracks/5XeFesFbtLpXzIVDNQP22n,https://api.spotify.com/v1/audio-analysis/5XeFesFbtLpXzIVDNQP22n,183956,4,rock,https://i.scdn.co/image/ab6761610000e5eb7da39dea0a72f581535fb11f,https://open.spotify.com/track/5XeFesFbtLpXzIVDNQP22n,https://open.spotify.com/artist/7Ln80lUS6He07XvHI8qqHH
38,1VMtsqCaMNErFRmmvt4exv,Seandainya,1WX2v0BiEW19Vw7xmznLdZ,Vierra,53c9Qg8PfGlJMHZiUz0ysq,Storytelling,2022-02-07,https://api.spotify.com/v1/tracks/1VMtsqCaMNErFRmmvt4exv,0.252,0.827,2,-4.971,1,0.0321,0.0836,2.87e-4,0.219,0.477,93.968,audio_features,spotify:track:1VMtsqCaMNErFRmmvt4exv,https://api.spotify.com/v1/tracks/1VMtsqCaMNErFRmmvt4exv,https://api.spotify.com/v1/audio-analysis/1VMtsqCaMNErFRmmvt4exv,263467,3,pop,https://i.scdn.co/image/ab6761610000e5ebce05aec92bc5b3e81205ff73,https://open.spotify.com/track/1VMtsqCaMNErFRmmvt4exv,https://open.spotify.com/artist/1WX2v0BiEW19Vw7xmznLdZ
39,5zsVcDTZEKISPTCLYiTdwb,L,5vTG3EyFrsARtIGDWZNRzu,Hal,7BkrdnCB2PqOANRu14EKEA,Perspektif,2018-08-23,https://api.spotify.com/v1/tracks/5zsVcDTZEKISPTCLYiTdwb,0.656,0.364,2,-6.877,1,0.0325,0.834,7.67e-5,0.0982,0.487,152.959,audio_features,spotify:track:5zsVcDTZEKISPTCLYiTdwb,https://api.spotify.com/v1/tracks/5zsVcDTZEKISPTCLYiTdwb,https://api.spotify.com/v1/audio-analysis/5zsVcDTZEKISPTCLYiTdwb,220852,4,other,https://i.scdn.co/image/ab6761610000e5ebac26be2305c3707ee134b18f,https://open.spotify.com/track/5zsVcDTZEKISPTCLYiTdwb,https://open.spotify.com/artist/5vTG3EyFrsARtIGDWZNRzu
40,69CrOS7vEHIrhC2ILyEi0s,FLOWER,6UZ0ba50XreR4TM8u322gs,JISOO,4QuczuzDZNzCDli5Gz6DQ0,ME,2023-03-31,https://api.spotify.com/v1/tracks/69CrOS7vEHIrhC2ILyEi0s,0.841,0.384,9,-7.684,0,0.0351,0.0236,2.28e-6,0.0735,0.597,123.961,audio_features,spotify:track:69CrOS7vEHIrhC2ILyEi0s,https://api.spotify.com/v1/tracks/69CrOS7vEHIrhC2ILyEi0s,https://api.spotify.com/v1/audio-analysis/69CrOS7vEHIrhC2ILyEi0s,173134,4,pop,https://i.scdn.co/image/ab6761610000e5ebcb6017286dd64ca6b77c879f,https://open.spotify.com/track/69CrOS7vEHIrhC2ILyEi0s,https://open.spotify.com/artist/6UZ0ba50XreR4TM8u322gs
41,2dIBMHByUGcNPzmYBJ6OAj,Evaluasi,51kyrUsAVqUBcoDEMFkX12,Hindia,1DAuVHMlBvIjzWZALSUXbn,Menari Dengan Bayangan,2019-11-29,https://api.spotify.com/v1/tracks/2dIBMHByUGcNPzmYBJ6OAj,0.609,0.966,7,-4.469,1,0.0571,0.00194,2.83e-6,0.304,0.505,102.014,audio_features,spotify:track:2dIBMHByUGcNPzmYBJ6OAj,https://api.spotify.com/v1/tracks/2dIBMHByUGcNPzmYBJ6OAj,https://api.spotify.com/v1/audio-analysis/2dIBMHByUGcNPzmYBJ6OAj,194469,4,other,https://i.scdn.co/image/ab6761610000e5eb324cea967a456ee680bf6b92,https://open.spotify.com/track/2dIBMHByUGcNPzmYBJ6OAj,https://open.spotify.com/artist/51kyrUsAVqUBcoDEMFkX12
42,4W4fNrZYkobj539TOWsLO2,Die For You (with Ariana Grande) - Remix,1Xyo4u8uXC1ZmMpatF05PJ,The Weeknd,35dut3ICqF3NEDkjxfzJJ1,Starboy (Deluxe),2023-03-14,https://api.spotify.com/v1/tracks/4W4fNrZYkobj539TOWsLO2,0.575,0.5,1,-7.594,0,0.0707,0.227,0,0.335,0.506,67.033,audio_features,spotify:track:4W4fNrZYkobj539TOWsLO2,https://api.spotify.com/v1/tracks/4W4fNrZYkobj539TOWsLO2,https://api.spotify.com/v1/audio-analysis/4W4fNrZYkobj539TOWsLO2,232857,4,pop,https://i.scdn.co/image/ab6761610000e5eb01b9b4ec2a05d0805428acfa,https://open.spotify.com/track/4W4fNrZYkobj539TOWsLO2,https://open.spotify.com/artist/1Xyo4u8uXC1ZmMpatF05PJ
43,3W4U7TEgILGpq0EmquurtH,Old Love,5kjFzBMHeoAx9xksFSwfUW,yuji,6mKwqGY2IS3qSs3mgs30A5,Old Love,2022-08-19,https://api.spotify.com/v1/tracks/3W4U7TEgILGpq0EmquurtH,0.478,0.367,11,-10.513,1,0.0283,0.716,0,0.124,0.359,141.95,audio_features,spotify:track:3W4U7TEgILGpq0EmquurtH,https://api.spotify.com/v1/tracks/3W4U7TEgILGpq0EmquurtH,https://api.spotify.com/v1/audio-analysis/3W4U7TEgILGpq0EmquurtH,249382,3,other,https://i.scdn.co/image/ab6761610000e5eb086a60c6412e14d3e3bb56c8,https://open.spotify.com/track/3W4U7TEgILGpq0EmquurtH,https://open.spotify.com/artist/5kjFzBMHeoAx9xksFSwfUW
44,6T7MAQCekVb3UnCykjX3BP,Disenchanted,7FBcuc1gsnv6Y1nwFtNRCb,My Chemical Romance,0FZK97MXMm5mUQ8mtudjuK,The Black Parade,2006-10-23,https://api.spotify.com/v1/tracks/6T7MAQCekVb3UnCykjX3BP,0.343,0.692,2,-3.926,1,0.0355,0.00218,0,0.112,0.153,174.07,audio_features,spotify:track:6T7MAQCekVb3UnCykjX3BP,https://api.spotify.com/v1/tracks/6T7MAQCekVb3UnCykjX3BP,https://api.spotify.com/v1/audio-analysis/6T7MAQCekVb3UnCykjX3BP,295000,4,pop,https://i.scdn.co/image/ab6761610000e5eb9c00ad0308287b38b8fdabc2,https://open.spotify.com/track/6T7MAQCekVb3UnCykjX3BP,https://open.spotify.com/artist/7FBcuc1gsnv6Y1nwFtNRCb
45,6fX8WwxAQ6rCPIC7lMgztu,Kisah Sempurna,3wOsYKZM0zcKNasi3I7fP4,Mahalini,6iBh7T1cUR8MPrtly5xugU,fábula,2023-01-23,https://api.spotify.com/v1/tracks/6fX8WwxAQ6rCPIC7lMgztu,0.537,0.486,11,-8.521,1,0.0336,0.51,1.65e-5,0.0817,0.0861,122.099,audio_features,spotify:track:6fX8WwxAQ6rCPIC7lMgztu,https://api.spotify.com/v1/tracks/6fX8WwxAQ6rCPIC7lMgztu,https://api.spotify.com/v1/audio-analysis/6fX8WwxAQ6rCPIC7lMgztu,276019,4,pop,https://i.scdn.co/image/ab6761610000e5ebb8333468abeb2e461d1ab5ea,https://open.spotify.com/track/6fX8WwxAQ6rCPIC7lMgztu,https://open.spotify.com/artist/3wOsYKZM0zcKNasi3I7fP4
46,0zYSfIjxemTi6jvUxGrDHl,Bohongi Hati,3wOsYKZM0zcKNasi3I7fP4,Mahalini,6iBh7T1cUR8MPrtly5xugU,fábula,2023-01-23,https://api.spotify.com/v1/tracks/0zYSfIjxemTi6jvUxGrDHl,0.443,0.462,3,-6.58,1,0.0315,0.648,0,0.315,0.246,130.774,audio_features,spotify:track:0zYSfIjxemTi6jvUxGrDHl,https://api.spotify.com/v1/tracks/0zYSfIjxemTi6jvUxGrDHl,https://api.spotify.com/v1/audio-analysis/0zYSfIjxemTi6jvUxGrDHl,262754,4,pop,https://i.scdn.co/image/ab6761610000e5ebb8333468abeb2e461d1ab5ea,https://open.spotify.com/track/0zYSfIjxemTi6jvUxGrDHl,https://open.spotify.com/artist/3wOsYKZM0zcKNasi3I7fP4
47,0bYVPJvXr8ACmw313cVvhB,Tally,41MozSoPIsD1dJM0CLPjZF,BLACKPINK,7jaSNQUBJbvfbZHLNFrV7P,BORN PINK,2022-09-16,https://api.spotify.com/v1/tracks/0bYVPJvXr8ACmw313cVvhB,0.688,0.637,2,-4.85,1,0.031,0.00777,0,0.13,0.427,129.902,audio_features,spotify:track:0bYVPJvXr8ACmw313cVvhB,https://api.spotify.com/v1/tracks/0bYVPJvXr8ACmw313cVvhB,https://api.spotify.com/v1/audio-analysis/0bYVPJvXr8ACmw313cVvhB,184248,4,pop,https://i.scdn.co/image/ab6761610000e5ebc9690bc711d04b3d4fd4b87c,https://open.spotify.com/track/0bYVPJvXr8ACmw313cVvhB,https://open.spotify.com/artist/41MozSoPIsD1dJM0CLPjZF
48,1ixNEKbIZTTZ5LIz3rr9jD,Cintamu Sepahit Topi Miring,0Pk4JEXgC64RBmovnQDZ27,Jogja Hip Hop Foundation,7nC7NZkREbTAIWuknYkWlP,Semar Mesem Romo Mendem,2013-10-06,https://api.spotify.com/v1/tracks/1ixNEKbIZTTZ5LIz3rr9jD,0.741,0.801,11,-4.84,1,0.275,0.147,2.73e-5,0.0821,0.561,193.911,audio_features,spotify:track:1ixNEKbIZTTZ5LIz3rr9jD,https://api.spotify.com/v1/tracks/1ixNEKbIZTTZ5LIz3rr9jD,https://api.spotify.com/v1/audio-analysis/1ixNEKbIZTTZ5LIz3rr9jD,294053,4,hip-hop,https://i.scdn.co/image/ab67616d0000b273de748fd3eed32d64ee85fce8,https://open.spotify.com/track/1ixNEKbIZTTZ5LIz3rr9jD,https://open.spotify.com/artist/0Pk4JEXgC64RBmovnQDZ27
49,0OHr74BS1CEwyZsyY9kml2,Tak Ingin Usai,4EiSzlOeMnJcp2U8ayCQ3a,Keisya Levronka,19iIS7jphCzsXZbTqgZiRG,Levronka,2023-05-11,https://api.spotify.com/v1/tracks/0OHr74BS1CEwyZsyY9kml2,0.49,0.398,0,-7.712,1,0.0266,0.815,1.87e-4,0.114,0.136,129.772,audio_features,spotify:track:0OHr74BS1CEwyZsyY9kml2,https://api.spotify.com/v1/tracks/0OHr74BS1CEwyZsyY9kml2,https://api.spotify.com/v1/audio-analysis/0OHr74BS1CEwyZsyY9kml2,278500,3,pop,https://i.scdn.co/image/ab6761610000e5eb564e80739956f888f879a5cb,https://open.spotify.com/track/0OHr74BS1CEwyZsyY9kml2,https://open.spotify.com/artist/4EiSzlOeMnJcp2U8ayCQ3a
50,1mea3bSkSGXuIRvnydlB5b,Viva La Vida,4gzpq5DPGxSnKTe4SA8HAU,Coldplay,1CEODgTmTwLyabvwd7HBty,Viva La Vida or Death and All His Friends,2008-05-26,https://api.spotify.com/v1/tracks/1mea3bSkSGXuIRvnydlB5b,0.486,0.617,5,-7.115,0,0.0287,0.0954,3.23e-6,0.109,0.417,138.015,audio_features,spotify:track:1mea3bSkSGXuIRvnydlB5b,https://api.spotify.com/v1/tracks/1mea3bSkSGXuIRvnydlB5b,https://api.spotify.com/v1/audio-analysis/1mea3bSkSGXuIRvnydlB5b,242373,4,pop,https://i.scdn.co/image/ab6761610000e5eb989ed05e1f0570cc4726c2d3,https://open.spotify.com/track/1mea3bSkSGXuIRvnydlB5b,https://open.spotify.com/artist/4gzpq5DPGxSnKTe4SA8HAU